Topic,EventDate,MatchSize
pm jun data coinmarketcap th ribbon event,2021-06-13 13:44:53,1
learning event join june chenle th go,2021-06-13 13:44:53,1
event next one world new na th,2021-06-13 13:44:53,1
one data event ready netflixindia people di,2021-06-13 13:44:53,1
good school learning data event way amazon,2021-06-13 13:44:53,1
event machinelearning bigdata birthday hashtag taeil udemycoupons,2021-06-13 13:44:53,1
event data de using series covid summit,2021-06-13 13:44:54,1
one data event ready netflixindia people di,2021-06-13 13:44:54,1
good school learning data event way amazon,2021-06-13 13:44:54,1
firework next seems door match related baseball,2021-06-13 13:44:54,1
good school learning data event way amazon,2021-06-13 13:44:55,1
pm jun data coinmarketcap th ribbon event,2021-06-13 13:44:56,1
event day love trump learning intelligence join,2021-06-13 13:44:56,1
event day time data place tomorrow lindell,2021-06-13 13:44:56,1
bambam event video call st sign day,2021-06-13 13:44:56,1
event intelligence data year see yall game,2021-06-13 13:44:56,1
said event something someone trump needed accused,2021-06-13 13:44:56,1
firework next seems door match related baseball,2021-06-13 13:44:56,1
event data de using series covid summit,2021-06-13 13:44:56,1
data de pm special high online kst,2021-06-13 13:44:56,1
pm jun data coinmarketcap th ribbon event,2021-06-13 13:44:57,1
data de pm special high online kst,2021-06-13 13:44:57,1
event day time data place tomorrow lindell,2021-06-13 13:44:57,1
learning event data june ha join top,2021-06-13 13:44:57,1
firework next seems door match related baseball,2021-06-13 13:44:59,1
pm jun data coinmarketcap th ribbon event,2021-06-13 13:44:59,1
event day love trump learning intelligence join,2021-06-13 13:44:59,1
event day time data place tomorrow lindell,2021-06-13 13:44:59,1
bambam event video call st sign day,2021-06-13 13:44:59,1
pm jun data coinmarketcap th ribbon event,2021-06-13 13:44:59,1
event day love trump learning intelligence join,2021-06-13 13:44:59,1
event day time data place tomorrow lindell,2021-06-13 13:44:59,1
bambam event video call st sign day,2021-06-13 13:44:59,1
one data event ready netflixindia people di,2021-06-13 13:45:00,1
event data de using series covid summit,2021-06-13 13:45:00,1
event intelligence data year see yall game,2021-06-13 13:45:00,1
learning event join june chenle th go,2021-06-13 13:45:00,1
learning event data june ha join top,2021-06-13 13:45:00,1
event data aku babyjisungth buat masing ga,2021-06-13 13:45:00,1
one data event ready netflixindia people di,2021-06-13 13:45:00,1
learning event join june chenle th go,2021-06-13 13:45:00,1
event next one world new na th,2021-06-13 13:45:00,1
one data event ready netflixindia people di,2021-06-13 13:45:00,1
event machinelearning bigdata birthday hashtag taeil udemycoupons,2021-06-13 13:45:00,1
event data aku babyjisungth buat masing ga,2021-06-13 13:45:00,1
event lg ha feel de good en,2021-06-13 13:45:00,1
event data de using series covid summit,2021-06-13 13:45:00,1
data de pm special high online kst,2021-06-13 13:45:00,1
bambam event video call st sign day,2021-06-13 13:45:00,1
event data aku babyjisungth buat masing ga,2021-06-13 13:45:00,1
event day love trump learning intelligence join,2021-06-13 13:45:00,1
pm jun data coinmarketcap th ribbon event,2021-06-13 13:45:01,1
data de pm special high online kst,2021-06-13 13:45:01,1
event day time data place tomorrow lindell,2021-06-13 13:45:01,1
pm jun data coinmarketcap th ribbon event,2021-06-13 13:45:01,1
event day love trump learning intelligence join,2021-06-13 13:45:01,1
event day time data place tomorrow lindell,2021-06-13 13:45:01,1
bambam event video call st sign day,2021-06-13 13:45:01,1
learning event join june chenle th go,2021-06-13 13:45:01,1
learning event data june ha join top,2021-06-13 13:45:01,1
firework next seems door match related baseball,2021-06-13 13:45:01,1
learning event data june ha join top,2021-06-13 13:45:01,1
event cr zhangjiayuanfc jiayuan intojiayuan oasis zhengzhou,2021-06-13 13:45:01,1
firework next seems door match related baseball,2021-06-13 13:45:02,1
pm jun data coinmarketcap th ribbon event,2021-06-13 13:45:02,1
event day love trump learning intelligence join,2021-06-13 13:45:02,1
event day time data place tomorrow lindell,2021-06-13 13:45:02,1
bambam event video call st sign day,2021-06-13 13:45:02,1
firework next seems door match related baseball,2021-06-13 13:45:02,1
event data de using series covid summit,2021-06-13 13:45:02,1
learning event data june ha join top,2021-06-13 13:45:02,1
event lg ha feel de good en,2021-06-13 13:45:02,1
data de pm special high online kst,2021-06-13 13:45:02,1
bambam event video call st sign day,2021-06-13 13:45:02,1
learning event join june chenle th go,2021-06-13 13:45:02,1
event cr zhangjiayuanfc jiayuan intojiayuan oasis zhengzhou,2021-06-13 13:45:02,1
event data aku babyjisungth buat masing ga,2021-06-13 13:45:02,1
data de pm special high online kst,2021-06-13 13:45:02,1
pm jun data coinmarketcap th ribbon event,2021-06-13 13:45:02,1
data de pm special high online kst,2021-06-13 13:45:02,1
bambam event video call st sign day,2021-06-13 13:45:02,1
learning event join june chenle th go,2021-06-13 13:45:02,1
event next one world new na th,2021-06-13 13:45:02,1
learning event data june ha join top,2021-06-13 13:45:02,1
good school learning data event way amazon,2021-06-13 13:45:02,1
pm jun data coinmarketcap th ribbon event,2021-06-13 13:45:02,1
event day love trump learning intelligence join,2021-06-13 13:45:02,1
event data de using series covid summit,2021-06-13 13:45:02,1
event day time data place tomorrow lindell,2021-06-13 13:45:02,1
event intelligence data year see yall game,2021-06-13 13:45:02,1
learning event join june chenle th go,2021-06-13 13:45:02,1
learning event data june ha join top,2021-06-13 13:45:02,1
event data aku babyjisungth buat masing ga,2021-06-13 13:45:02,1
one data event ready netflixindia people di,2021-06-13 13:45:02,1
pm jun data coinmarketcap th ribbon event,2021-06-13 13:45:03,1
event lg ha feel de good en,2021-06-13 13:45:03,1
learning event join june chenle th go,2021-06-13 13:45:03,1
event day love trump learning intelligence join,2021-06-13 13:45:04,1
learning event join june chenle th go,2021-06-13 13:45:04,1
learning event data june ha join top,2021-06-13 13:45:04,1
pm jun data coinmarketcap th ribbon event,2021-06-13 13:45:04,1
data de pm special high online kst,2021-06-13 13:45:04,1
data de pm special high online kst,2021-06-13 13:45:04,1
event day love trump learning intelligence join,2021-06-13 13:45:04,1
event next one world new na th,2021-06-13 13:45:04,1
one data event ready netflixindia people di,2021-06-13 13:45:04,1
event machinelearning bigdata birthday hashtag taeil udemycoupons,2021-06-13 13:45:04,1
learning event data june ha join top,2021-06-13 13:45:04,1
pm jun data coinmarketcap th ribbon event,2021-06-13 13:45:04,1
event day love trump learning intelligence join,2021-06-13 13:45:04,1
event day time data place tomorrow lindell,2021-06-13 13:45:04,1
bambam event video call st sign day,2021-06-13 13:45:04,1
event day time data place tomorrow lindell,2021-06-13 13:45:04,1
event day time data place tomorrow lindell,2021-06-13 13:45:04,1
learning event join june chenle th go,2021-06-13 13:45:04,1
event next one world new na th,2021-06-13 13:45:04,1
learning event data june ha join top,2021-06-13 13:45:04,1
pm jun data coinmarketcap th ribbon event,2021-06-13 13:45:04,1
event day love trump learning intelligence join,2021-06-13 13:45:04,1
event day time data place tomorrow lindell,2021-06-13 13:45:04,1
bambam event video call st sign day,2021-06-13 13:45:04,1
pm jun data coinmarketcap th ribbon event,2021-06-13 13:45:04,1
event day love trump learning intelligence join,2021-06-13 13:45:04,1
event day time data place tomorrow lindell,2021-06-13 13:45:04,1
bambam event video call st sign day,2021-06-13 13:45:04,1
learning event join june chenle th go,2021-06-13 13:45:05,1
pm jun data coinmarketcap th ribbon event,2021-06-13 13:45:05,1
learning event join june chenle th go,2021-06-13 13:45:05,1
event next one world new na th,2021-06-13 13:45:05,1
event intelligence data year see yall game,2021-06-13 13:45:05,1
one data event ready netflixindia people di,2021-06-13 13:45:05,1
learning event data june ha join top,2021-06-13 13:45:05,1
event machinelearning bigdata birthday hashtag taeil udemycoupons,2021-06-13 13:45:05,1
pm jun data coinmarketcap th ribbon event,2021-06-13 13:45:05,1
learning event join june chenle th go,2021-06-13 13:45:05,1
event next one world new na th,2021-06-13 13:45:05,1
learning event data june ha join top,2021-06-13 13:45:05,1
pm jun data coinmarketcap th ribbon event,2021-06-13 13:45:05,1
data de pm special high online kst,2021-06-13 13:45:05,1
event day time data place tomorrow lindell,2021-06-13 13:45:05,1
bambam event video call st sign day,2021-06-13 13:45:05,1
learning event join june chenle th go,2021-06-13 13:45:05,1
said event something someone trump needed accused,2021-06-13 13:45:06,1
pm jun data coinmarketcap th ribbon event,2021-06-13 13:45:06,1
event day love trump learning intelligence join,2021-06-13 13:45:06,1
event day time data place tomorrow lindell,2021-06-13 13:45:06,1
bambam event video call st sign day,2021-06-13 13:45:06,1
pm jun data coinmarketcap th ribbon event,2021-06-13 13:45:06,1
learning event join june chenle th go,2021-06-13 13:45:06,1
event next one world new na th,2021-06-13 13:45:06,1
one data event ready netflixindia people di,2021-06-13 13:45:06,1
event next one world new na th,2021-06-13 13:45:06,1
one data event ready netflixindia people di,2021-06-13 13:45:06,1
said event something someone trump needed accused,2021-06-13 13:45:07,1
pm jun data coinmarketcap th ribbon event,2021-06-13 13:45:07,1
event day love trump learning intelligence join,2021-06-13 13:45:07,1
event day time data place tomorrow lindell,2021-06-13 13:45:07,1
bambam event video call st sign day,2021-06-13 13:45:07,1
event data de using series covid summit,2021-06-13 13:45:08,1
data de pm special high online kst,2021-06-13 13:45:08,1
firework next seems door match related baseball,2021-06-13 13:45:08,1
event data de using series covid summit,2021-06-13 13:45:08,1
data de pm special high online kst,2021-06-13 13:45:08,1
pm jun data coinmarketcap th ribbon event,2021-06-13 13:45:08,1
event day love trump learning intelligence join,2021-06-13 13:45:08,1
event day time data place tomorrow lindell,2021-06-13 13:45:08,1
bambam event video call st sign day,2021-06-13 13:45:08,1
firework next seems door match related baseball,2021-06-13 13:45:08,1
one data event ready netflixindia people di,2021-06-13 13:45:09,1
said event something someone trump needed accused,2021-06-13 13:45:09,1
said event something someone trump needed accused,2021-06-13 13:45:09,1
pm jun data coinmarketcap th ribbon event,2021-06-13 13:45:09,1
event day love trump learning intelligence join,2021-06-13 13:45:09,1
event day time data place tomorrow lindell,2021-06-13 13:45:09,1
bambam event video call st sign day,2021-06-13 13:45:09,1
pm jun data coinmarketcap th ribbon event,2021-06-13 13:45:09,1
learning event join june chenle th go,2021-06-13 13:45:09,1
event next one world new na th,2021-06-13 13:45:09,1
one data event ready netflixindia people di,2021-06-13 13:45:09,1
data de pm special high online kst,2021-06-13 13:45:09,1
firework next seems door match related baseball,2021-06-13 13:45:09,1
event day love trump learning intelligence join,2021-06-13 13:45:10,1
firework next seems door match related baseball,2021-06-13 13:45:10,1
event machinelearning bigdata birthday hashtag taeil udemycoupons,2021-06-13 13:45:10,1
event day love trump learning intelligence join,2021-06-13 13:45:10,1
learning event join june chenle th go,2021-06-13 13:45:10,1
learning event data june ha join top,2021-06-13 13:45:10,1
event machinelearning bigdata birthday hashtag taeil udemycoupons,2021-06-13 13:45:10,1
one data event ready netflixindia people di,2021-06-13 13:45:11,1
event data de using series covid summit,2021-06-13 13:45:11,1
pm jun data coinmarketcap th ribbon event,2021-06-13 13:45:11,1
event day love trump learning intelligence join,2021-06-13 13:45:11,1
event day time data place tomorrow lindell,2021-06-13 13:45:11,1
bambam event video call st sign day,2021-06-13 13:45:11,1
event machinelearning bigdata birthday hashtag taeil udemycoupons,2021-06-13 13:45:11,1
event machinelearning bigdata birthday hashtag taeil udemycoupons,2021-06-13 13:45:11,1
pm jun data coinmarketcap th ribbon event,2021-06-13 13:45:11,1
learning event join june chenle th go,2021-06-13 13:45:11,1
event next one world new na th,2021-06-13 13:45:11,1
firework next seems door match related baseball,2021-06-13 13:45:11,1
learning event join june chenle th go,2021-06-13 13:45:11,1
learning event data june ha join top,2021-06-13 13:45:11,1
event day time data place tomorrow lindell,2021-06-13 13:45:12,1
pm jun data coinmarketcap th ribbon event,2021-06-13 13:45:12,1
event day love trump learning intelligence join,2021-06-13 13:45:12,1
event day time data place tomorrow lindell,2021-06-13 13:45:12,1
bambam event video call st sign day,2021-06-13 13:45:12,1
event data de using series covid summit,2021-06-13 13:45:12,1
event data aku babyjisungth buat masing ga,2021-06-13 13:45:12,1
event data aku babyjisungth buat masing ga,2021-06-13 13:45:12,1
event day love trump learning intelligence join,2021-06-13 13:45:12,1
event day time data place tomorrow lindell,2021-06-13 13:45:12,1
bambam event video call st sign day,2021-06-13 13:45:12,1
event txtplcs fansigning offline pay paper case,2021-06-13 13:45:12,1
pm jun data coinmarketcap th ribbon event,2021-06-13 13:45:12,1
learning event join june chenle th go,2021-06-13 13:45:12,1
event next one world new na th,2021-06-13 13:45:12,1
learning event data june ha join top,2021-06-13 13:45:12,1
event lg ha feel de good en,2021-06-13 13:45:12,1
pm jun data coinmarketcap th ribbon event,2021-06-13 13:45:13,1
event day love trump learning intelligence join,2021-06-13 13:45:13,1
event day time data place tomorrow lindell,2021-06-13 13:45:13,1
bambam event video call st sign day,2021-06-13 13:45:13,1
said event something someone trump needed accused,2021-06-13 13:45:13,1
good school learning data event way amazon,2021-06-13 13:45:13,1
data de pm special high online kst,2021-06-13 13:45:13,1
said event something someone trump needed accused,2021-06-13 13:45:13,1
firework next seems door match related baseball,2021-06-13 13:45:13,1
pm jun data coinmarketcap th ribbon event,2021-06-13 13:45:14,1
event day love trump learning intelligence join,2021-06-13 13:45:14,1
event day time data place tomorrow lindell,2021-06-13 13:45:14,1
bambam event video call st sign day,2021-06-13 13:45:14,1
event day love trump learning intelligence join,2021-06-13 13:45:14,1
said event something someone trump needed accused,2021-06-13 13:45:14,1
pm jun data coinmarketcap th ribbon event,2021-06-13 13:45:14,1
event day love trump learning intelligence join,2021-06-13 13:45:14,1
event day time data place tomorrow lindell,2021-06-13 13:45:14,1
bambam event video call st sign day,2021-06-13 13:45:14,1
learning event python mjjjby machine want say,2021-06-13 13:45:15,1
pm jun data coinmarketcap th ribbon event,2021-06-13 13:45:15,1
event day time data place tomorrow lindell,2021-06-13 13:45:15,1
firework next seems door match related baseball,2021-06-13 13:45:15,1
event cr zhangjiayuanfc jiayuan intojiayuan oasis zhengzhou,2021-06-13 13:45:15,1
pm jun data coinmarketcap th ribbon event,2021-06-13 13:45:15,1
event day love trump learning intelligence join,2021-06-13 13:45:15,1
event day time data place tomorrow lindell,2021-06-13 13:45:15,1
bambam event video call st sign day,2021-06-13 13:45:15,1
event txtplcs fansigning offline pay paper case,2021-06-13 13:45:15,1
event intelligence data year see yall game,2021-06-13 13:45:15,1
firework next seems door match related baseball,2021-06-13 13:45:16,1
pm jun data coinmarketcap th ribbon event,2021-06-13 13:45:16,1
event day love trump learning intelligence join,2021-06-13 13:45:16,1
event day time data place tomorrow lindell,2021-06-13 13:45:16,1
bambam event video call st sign day,2021-06-13 13:45:16,1
said event something someone trump needed accused,2021-06-13 13:45:16,1
event day love trump learning intelligence join,2021-06-13 13:45:16,1
learning event join june chenle th go,2021-06-13 13:45:16,1
learning event data june ha join top,2021-06-13 13:45:16,1
firework next seems door match related baseball,2021-06-13 13:45:16,1
event machinelearning bigdata birthday hashtag taeil udemycoupons,2021-06-13 13:45:16,1
event machinelearning bigdata birthday hashtag taeil udemycoupons,2021-06-13 13:45:16,1
event machinelearning bigdata birthday hashtag taeil udemycoupons,2021-06-13 13:45:17,1
event lg ha feel de good en,2021-06-13 13:45:17,1
firework next seems door match related baseball,2021-06-13 13:45:17,1
event machinelearning bigdata birthday hashtag taeil udemycoupons,2021-06-13 13:45:17,1
pm jun data coinmarketcap th ribbon event,2021-06-13 13:45:18,1
data de pm special high online kst,2021-06-13 13:45:18,1
event day time data place tomorrow lindell,2021-06-13 13:45:18,1
event data de using series covid summit,2021-06-13 13:45:18,1
data de pm special high online kst,2021-06-13 13:45:18,1
data de pm special high online kst,2021-06-13 13:45:18,1
event intelligence data year see yall game,2021-06-13 13:45:19,1
pm jun data coinmarketcap th ribbon event,2021-06-13 13:45:19,1
data de pm special high online kst,2021-06-13 13:45:19,1
event day time data place tomorrow lindell,2021-06-13 13:45:19,1
event day love trump learning intelligence join,2021-06-13 13:45:20,1
event day time data place tomorrow lindell,2021-06-13 13:45:20,1
bambam event video call st sign day,2021-06-13 13:45:20,1
learning event join june chenle th go,2021-06-13 13:45:20,1
event data de using series covid summit,2021-06-13 13:45:20,1
data de pm special high online kst,2021-06-13 13:45:20,1
data de pm special high online kst,2021-06-13 13:45:20,1
firework next seems door match related baseball,2021-06-13 13:45:20,1
event day time data place tomorrow lindell,2021-06-13 13:45:20,1
learning event data june ha join top,2021-06-13 13:45:20,1
learning event python mjjjby machine want say,2021-06-13 13:45:20,1
pm jun data coinmarketcap th ribbon event,2021-06-13 13:45:20,1
event day love trump learning intelligence join,2021-06-13 13:45:20,1
event day time data place tomorrow lindell,2021-06-13 13:45:20,1
bambam event video call st sign day,2021-06-13 13:45:20,1
pm jun data coinmarketcap th ribbon event,2021-06-13 13:45:20,1
said event something someone trump needed accused,2021-06-13 13:45:21,1
learning event python mjjjby machine want say,2021-06-13 13:45:21,1
event data de using series covid summit,2021-06-13 13:45:21,1
data de pm special high online kst,2021-06-13 13:45:21,1
event txtplcs fansigning offline pay paper case,2021-06-13 13:45:21,1
event txtplcs fansigning offline pay paper case,2021-06-13 13:45:21,1
event cr zhangjiayuanfc jiayuan intojiayuan oasis zhengzhou,2021-06-13 13:45:21,1
good school learning data event way amazon,2021-06-13 13:45:22,1
event data de using series covid summit,2021-06-13 13:45:22,1
data de pm special high online kst,2021-06-13 13:45:22,1
good school learning data event way amazon,2021-06-13 13:45:22,1
learning event data june ha join top,2021-06-13 13:45:22,1
learning event data june ha join top,2021-06-13 13:45:22,1
event data de using series covid summit,2021-06-13 13:45:22,1
data de pm special high online kst,2021-06-13 13:45:23,1
learning event join june chenle th go,2021-06-13 13:45:23,1
learning event data june ha join top,2021-06-13 13:45:23,1
firework next seems door match related baseball,2021-06-13 13:45:24,1
pm jun data coinmarketcap th ribbon event,2021-06-13 13:45:24,1
good school learning data event way amazon,2021-06-13 13:45:24,1
event day love trump learning intelligence join,2021-06-13 13:45:24,1
event intelligence data year see yall game,2021-06-13 13:45:24,1
learning event join june chenle th go,2021-06-13 13:45:24,1
learning event data june ha join top,2021-06-13 13:45:24,1
event data de using series covid summit,2021-06-13 13:45:24,1
data de pm special high online kst,2021-06-13 13:45:24,1
event intelligence data year see yall game,2021-06-13 13:45:24,1
said event something someone trump needed accused,2021-06-13 13:45:25,1
event day time data place tomorrow lindell,2021-06-13 13:45:25,1
event txtplcs fansigning offline pay paper case,2021-06-13 13:45:25,1
learning event python mjjjby machine want say,2021-06-13 13:45:25,1
good school learning data event way amazon,2021-06-13 13:45:25,1
data de pm special high online kst,2021-06-13 13:45:25,1
firework next seems door match related baseball,2021-06-13 13:45:26,1
pm jun data coinmarketcap th ribbon event,2021-06-13 13:45:26,1
learning event join june chenle th go,2021-06-13 13:45:26,1
event next one world new na th,2021-06-13 13:45:26,1
event intelligence data year see yall game,2021-06-13 13:45:26,1
event data de using series covid summit,2021-06-13 13:45:26,1
data de pm special high online kst,2021-06-13 13:45:26,1
good school learning data event way amazon,2021-06-13 13:45:27,1
said event something someone trump needed accused,2021-06-13 13:45:28,1
event data de using series covid summit,2021-06-13 13:45:28,1
good school learning data event way amazon,2021-06-13 13:45:28,1
event lg ha feel de good en,2021-06-13 13:45:28,1
bambam event video call st sign day,2021-06-13 13:45:28,1
event data aku babyjisungth buat masing ga,2021-06-13 13:45:28,1
event day love trump learning intelligence join,2021-06-13 13:45:28,1
learning event join june chenle th go,2021-06-13 13:45:28,1
learning event data june ha join top,2021-06-13 13:45:28,1
event txtplcs fansigning offline pay paper case,2021-06-13 13:45:28,1
firework next seems door match related baseball,2021-06-13 13:45:29,1
event lg ha feel de good en,2021-06-13 13:45:29,1
learning event data june ha join top,2021-06-13 13:45:29,1
event next one world new na th,2021-06-13 13:45:29,1
bambam event video call st sign day,2021-06-13 13:45:29,1
event machinelearning bigdata birthday hashtag taeil udemycoupons,2021-06-13 13:45:30,1
event day time data place tomorrow lindell,2021-06-13 13:45:30,1
event day love trump learning intelligence join,2021-06-13 13:45:30,1
learning event join june chenle th go,2021-06-13 13:45:30,1
event day love trump learning intelligence join,2021-06-13 13:45:30,1
learning event join june chenle th go,2021-06-13 13:45:30,1
learning event data june ha join top,2021-06-13 13:45:30,1
one data event ready netflixindia people di,2021-06-13 13:45:30,1
learning event data june ha join top,2021-06-13 13:45:30,1
pm jun data coinmarketcap th ribbon event,2021-06-13 13:45:30,1
event day love trump learning intelligence join,2021-06-13 13:45:30,1
event day time data place tomorrow lindell,2021-06-13 13:45:30,1
bambam event video call st sign day,2021-06-13 13:45:30,1
event next one world new na th,2021-06-13 13:45:30,1
event data de using series covid summit,2021-06-13 13:45:31,1
data de pm special high online kst,2021-06-13 13:45:31,1
said event something someone trump needed accused,2021-06-13 13:45:31,1
pm jun data coinmarketcap th ribbon event,2021-06-13 13:45:31,1
learning event join june chenle th go,2021-06-13 13:45:31,1
learning event data june ha join top,2021-06-13 13:45:31,1
event intelligence data year see yall game,2021-06-13 13:45:31,1
bambam event video call st sign day,2021-06-13 13:45:31,1
event intelligence data year see yall game,2021-06-13 13:45:32,1
firework next seems door match related baseball,2021-06-13 13:45:32,1
event day love trump learning intelligence join,2021-06-13 13:45:32,1
bambam event video call st sign day,2021-06-13 13:45:32,1
learning event python mjjjby machine want say,2021-06-13 13:45:33,1
event day love trump learning intelligence join,2021-06-13 13:45:33,1
learning event join june chenle th go,2021-06-13 13:45:33,1
learning event data june ha join top,2021-06-13 13:45:33,1
learning event data june ha join top,2021-06-13 13:45:33,1
pm jun data coinmarketcap th ribbon event,2021-06-13 13:45:33,1
event day love trump learning intelligence join,2021-06-13 13:45:33,1
event day time data place tomorrow lindell,2021-06-13 13:45:33,1
bambam event video call st sign day,2021-06-13 13:45:33,1
firework next seems door match related baseball,2021-06-13 13:45:34,1
firework next seems door match related baseball,2021-06-13 13:45:34,1
event data aku babyjisungth buat masing ga,2021-06-13 13:45:34,1
firework next seems door match related baseball,2021-06-13 13:45:34,1
event day love trump learning intelligence join,2021-06-13 13:45:34,1
learning event join june chenle th go,2021-06-13 13:45:34,1
learning event data june ha join top,2021-06-13 13:45:34,1
firework next seems door match related baseball,2021-06-13 13:45:34,1
firework next seems door match related baseball,2021-06-13 13:45:35,1
event day time data place tomorrow lindell,2021-06-13 13:45:35,1
event next one world new na th,2021-06-13 13:45:35,1
one data event ready netflixindia people di,2021-06-13 13:45:35,1
said event something someone trump needed accused,2021-06-13 13:45:35,1
event day time data place tomorrow lindell,2021-06-13 13:45:35,1
good school learning data event way amazon,2021-06-13 13:45:35,1
learning event python mjjjby machine want say,2021-06-13 13:45:35,1
learning event data june ha join top,2021-06-13 13:45:35,1
event day love trump learning intelligence join,2021-06-13 13:45:35,1
event day time data place tomorrow lindell,2021-06-13 13:45:35,1
bambam event video call st sign day,2021-06-13 13:45:35,1
event next one world new na th,2021-06-13 13:45:35,1
one data event ready netflixindia people di,2021-06-13 13:45:35,1
event machinelearning bigdata birthday hashtag taeil udemycoupons,2021-06-13 13:45:35,1
event day love trump learning intelligence join,2021-06-13 13:45:35,1
event day time data place tomorrow lindell,2021-06-13 13:45:35,1
bambam event video call st sign day,2021-06-13 13:45:35,1
pm jun data coinmarketcap th ribbon event,2021-06-13 13:45:35,1
event day love trump learning intelligence join,2021-06-13 13:45:35,1
event day time data place tomorrow lindell,2021-06-13 13:45:35,1
bambam event video call st sign day,2021-06-13 13:45:35,1
good school learning data event way amazon,2021-06-13 13:45:36,1
event intelligence data year see yall game,2021-06-13 13:45:36,1
learning event join june chenle th go,2021-06-13 13:45:36,1
one data event ready netflixindia people di,2021-06-13 13:45:36,1
good school learning data event way amazon,2021-06-13 13:45:36,1
data de pm special high online kst,2021-06-13 13:45:36,1
pm jun data coinmarketcap th ribbon event,2021-06-13 13:45:36,1
event day love trump learning intelligence join,2021-06-13 13:45:36,1
event day time data place tomorrow lindell,2021-06-13 13:45:36,1
bambam event video call st sign day,2021-06-13 13:45:36,1
event day love trump learning intelligence join,2021-06-13 13:45:36,1
learning event join june chenle th go,2021-06-13 13:45:36,1
pm jun data coinmarketcap th ribbon event,2021-06-13 13:45:36,1
event day love trump learning intelligence join,2021-06-13 13:45:36,1
event day time data place tomorrow lindell,2021-06-13 13:45:36,1
bambam event video call st sign day,2021-06-13 13:45:36,1
pm jun data coinmarketcap th ribbon event,2021-06-13 13:45:36,1
event day love trump learning intelligence join,2021-06-13 13:45:36,1
event day time data place tomorrow lindell,2021-06-13 13:45:36,1
bambam event video call st sign day,2021-06-13 13:45:36,1
learning event join june chenle th go,2021-06-13 13:45:36,1
event next one world new na th,2021-06-13 13:45:36,1
learning event data june ha join top,2021-06-13 13:45:36,1
one data event ready netflixindia people di,2021-06-13 13:45:36,1
event cr zhangjiayuanfc jiayuan intojiayuan oasis zhengzhou,2021-06-13 13:45:37,1
one data event ready netflixindia people di,2021-06-13 13:45:37,1
learning event python mjjjby machine want say,2021-06-13 13:45:37,1
event day time data place tomorrow lindell,2021-06-13 13:45:37,1
bambam event video call st sign day,2021-06-13 13:45:37,1
event day love trump learning intelligence join,2021-06-13 13:45:37,1
good school learning data event way amazon,2021-06-13 13:45:37,1
event lg ha feel de good en,2021-06-13 13:45:37,1
firework next seems door match related baseball,2021-06-13 13:45:37,1
pm jun data coinmarketcap th ribbon event,2021-06-13 13:45:38,1
event day love trump learning intelligence join,2021-06-13 13:45:38,1
event day time data place tomorrow lindell,2021-06-13 13:45:38,1
bambam event video call st sign day,2021-06-13 13:45:38,1
event txtplcs fansigning offline pay paper case,2021-06-13 13:45:38,1
learning event python mjjjby machine want say,2021-06-13 13:45:38,1
event day time data place tomorrow lindell,2021-06-13 13:45:38,1
event intelligence data year see yall game,2021-06-13 13:45:38,1
event day love trump learning intelligence join,2021-06-13 13:45:39,1
learning event join june chenle th go,2021-06-13 13:45:39,1
learning event data june ha join top,2021-06-13 13:45:39,1
event intelligence data year see yall game,2021-06-13 13:45:39,1
pm jun data coinmarketcap th ribbon event,2021-06-13 13:45:39,1
event day time data place tomorrow lindell,2021-06-13 13:45:39,1
event day time data place tomorrow lindell,2021-06-13 13:45:39,1
event machinelearning bigdata birthday hashtag taeil udemycoupons,2021-06-13 13:45:39,1
firework next seems door match related baseball,2021-06-13 13:45:39,1
firework next seems door match related baseball,2021-06-13 13:45:40,1
bambam event video call st sign day,2021-06-13 13:45:40,1
event data aku babyjisungth buat masing ga,2021-06-13 13:45:40,1
event day love trump learning intelligence join,2021-06-13 13:45:40,1
event lg ha feel de good en,2021-06-13 13:45:40,1
event machinelearning bigdata birthday hashtag taeil udemycoupons,2021-06-13 13:45:40,1
event machinelearning bigdata birthday hashtag taeil udemycoupons,2021-06-13 13:45:41,1
pm jun data coinmarketcap th ribbon event,2021-06-13 13:45:41,1
data de pm special high online kst,2021-06-13 13:45:41,1
learning event join june chenle th go,2021-06-13 13:45:41,1
event next one world new na th,2021-06-13 13:45:41,1
event day love trump learning intelligence join,2021-06-13 13:45:41,1
bambam event video call st sign day,2021-06-13 13:45:41,1
said event something someone trump needed accused,2021-06-13 13:45:41,1
event day love trump learning intelligence join,2021-06-13 13:45:41,1
event day time data place tomorrow lindell,2021-06-13 13:45:41,1
firework next seems door match related baseball,2021-06-13 13:45:41,1
event day time data place tomorrow lindell,2021-06-13 13:45:41,1
bambam event video call st sign day,2021-06-13 13:45:41,1
event data aku babyjisungth buat masing ga,2021-06-13 13:45:41,1
event cr zhangjiayuanfc jiayuan intojiayuan oasis zhengzhou,2021-06-13 13:45:41,1
event machinelearning bigdata birthday hashtag taeil udemycoupons,2021-06-13 13:45:41,1
pm jun data coinmarketcap th ribbon event,2021-06-13 13:45:42,1
event day love trump learning intelligence join,2021-06-13 13:45:42,1
event day time data place tomorrow lindell,2021-06-13 13:45:42,1
bambam event video call st sign day,2021-06-13 13:45:42,1
event day love trump learning intelligence join,2021-06-13 13:45:42,1
good school learning data event way amazon,2021-06-13 13:45:42,1
event lg ha feel de good en,2021-06-13 13:45:42,1
pm jun data coinmarketcap th ribbon event,2021-06-13 13:45:42,1
bambam event video call st sign day,2021-06-13 13:45:42,1
learning event data june ha join top,2021-06-13 13:45:42,1
pm jun data coinmarketcap th ribbon event,2021-06-13 13:45:42,1
event day love trump learning intelligence join,2021-06-13 13:45:42,1
event day time data place tomorrow lindell,2021-06-13 13:45:42,1
bambam event video call st sign day,2021-06-13 13:45:42,1
pm jun data coinmarketcap th ribbon event,2021-06-13 13:45:42,1
event day love trump learning intelligence join,2021-06-13 13:45:42,1
event day time data place tomorrow lindell,2021-06-13 13:45:42,1
bambam event video call st sign day,2021-06-13 13:45:42,1
firework next seems door match related baseball,2021-06-13 13:45:43,1
pm jun data coinmarketcap th ribbon event,2021-06-13 13:45:42,1
learning event join june chenle th go,2021-06-13 13:45:42,1
event next one world new na th,2021-06-13 13:45:42,1
event cr zhangjiayuanfc jiayuan intojiayuan oasis zhengzhou,2021-06-13 13:45:43,1
pm jun data coinmarketcap th ribbon event,2021-06-13 13:45:43,1
event day love trump learning intelligence join,2021-06-13 13:45:43,1
event day time data place tomorrow lindell,2021-06-13 13:45:43,1
bambam event video call st sign day,2021-06-13 13:45:43,1
one data event ready netflixindia people di,2021-06-13 13:45:43,1
said event something someone trump needed accused,2021-06-13 13:45:44,1
pm jun data coinmarketcap th ribbon event,2021-06-13 13:45:44,1
event day love trump learning intelligence join,2021-06-13 13:45:44,1
event day time data place tomorrow lindell,2021-06-13 13:45:44,1
bambam event video call st sign day,2021-06-13 13:45:44,1
pm jun data coinmarketcap th ribbon event,2021-06-13 13:45:44,1
event day love trump learning intelligence join,2021-06-13 13:45:44,1
event day time data place tomorrow lindell,2021-06-13 13:45:44,1
bambam event video call st sign day,2021-06-13 13:45:44,1
event cr zhangjiayuanfc jiayuan intojiayuan oasis zhengzhou,2021-06-13 13:45:44,1
firework next seems door match related baseball,2021-06-13 13:45:44,1
event data aku babyjisungth buat masing ga,2021-06-13 13:45:45,1
one data event ready netflixindia people di,2021-06-13 13:45:45,1
pm jun data coinmarketcap th ribbon event,2021-06-13 13:45:45,1
event day love trump learning intelligence join,2021-06-13 13:45:45,1
event day time data place tomorrow lindell,2021-06-13 13:45:45,1
bambam event video call st sign day,2021-06-13 13:45:45,1
event machinelearning bigdata birthday hashtag taeil udemycoupons,2021-06-13 13:45:46,1
event machinelearning bigdata birthday hashtag taeil udemycoupons,2021-06-13 13:45:46,1
one data event ready netflixindia people di,2021-06-13 13:45:46,1
event txtplcs fansigning offline pay paper case,2021-06-13 13:45:46,1
event intelligence data year see yall game,2021-06-13 13:45:46,1
event day love trump learning intelligence join,2021-06-13 13:45:46,1
event machinelearning bigdata birthday hashtag taeil udemycoupons,2021-06-13 13:45:46,1
one data event ready netflixindia people di,2021-06-13 13:45:47,1
event machinelearning bigdata birthday hashtag taeil udemycoupons,2021-06-13 13:45:47,1
event day time data place tomorrow lindell,2021-06-13 13:45:47,1
event machinelearning bigdata birthday hashtag taeil udemycoupons,2021-06-13 13:45:47,1
said event something someone trump needed accused,2021-06-13 13:45:47,1
event day love trump learning intelligence join,2021-06-13 13:45:47,1
said event something someone trump needed accused,2021-06-13 13:45:48,1
event machinelearning bigdata birthday hashtag taeil udemycoupons,2021-06-13 13:45:48,1
event day love trump learning intelligence join,2021-06-13 13:45:48,1
learning event join june chenle th go,2021-06-13 13:45:48,1
learning event data june ha join top,2021-06-13 13:45:48,1
bambam event video call st sign day,2021-06-13 13:45:48,1
event day love trump learning intelligence join,2021-06-13 13:45:48,1
good school learning data event way amazon,2021-06-13 13:45:48,1
good school learning data event way amazon,2021-06-13 13:45:48,1
data de pm special high online kst,2021-06-13 13:45:48,1
event intelligence data year see yall game,2021-06-13 13:45:48,1
said event something someone trump needed accused,2021-06-13 13:45:48,1
event cr zhangjiayuanfc jiayuan intojiayuan oasis zhengzhou,2021-06-13 13:45:48,1
event day love trump learning intelligence join,2021-06-13 13:45:49,1
pm jun data coinmarketcap th ribbon event,2021-06-13 13:45:49,1
event day love trump learning intelligence join,2021-06-13 13:45:49,1
event day time data place tomorrow lindell,2021-06-13 13:45:49,1
bambam event video call st sign day,2021-06-13 13:45:49,1
data de pm special high online kst,2021-06-13 13:45:50,1
event day time data place tomorrow lindell,2021-06-13 13:45:50,1
one data event ready netflixindia people di,2021-06-13 13:45:50,1
bambam event video call st sign day,2021-06-13 13:45:50,1
event intelligence data year see yall game,2021-06-13 13:45:50,1
event next one world new na th,2021-06-13 13:45:50,1
event machinelearning bigdata birthday hashtag taeil udemycoupons,2021-06-13 13:45:50,1
event day time data place tomorrow lindell,2021-06-13 13:45:50,1
good school learning data event way amazon,2021-06-13 13:45:50,1
learning event python mjjjby machine want say,2021-06-13 13:45:50,1
learning event data june ha join top,2021-06-13 13:45:50,1
one data event ready netflixindia people di,2021-06-13 13:45:51,1
firework next seems door match related baseball,2021-06-13 13:45:51,1
pm jun data coinmarketcap th ribbon event,2021-06-13 13:45:51,1
event day love trump learning intelligence join,2021-06-13 13:45:51,1
event day time data place tomorrow lindell,2021-06-13 13:45:51,1
bambam event video call st sign day,2021-06-13 13:45:51,1
event machinelearning bigdata birthday hashtag taeil udemycoupons,2021-06-13 13:45:51,1
event data de using series covid summit,2021-06-13 13:45:51,1
event lg ha feel de good en,2021-06-13 13:45:51,1
event next one world new na th,2021-06-13 13:45:52,1
learning event data june ha join top,2021-06-13 13:45:51,1
learning event python mjjjby machine want say,2021-06-13 13:45:52,1
event intelligence data year see yall game,2021-06-13 13:45:52,1
pm jun data coinmarketcap th ribbon event,2021-06-13 13:45:52,1
data de pm special high online kst,2021-06-13 13:45:52,1
bambam event video call st sign day,2021-06-13 13:45:52,1
learning event join june chenle th go,2021-06-13 13:45:52,1
event next one world new na th,2021-06-13 13:45:52,1
learning event data june ha join top,2021-06-13 13:45:52,1
good school learning data event way amazon,2021-06-13 13:45:52,1
data de pm special high online kst,2021-06-13 13:45:52,1
event data aku babyjisungth buat masing ga,2021-06-13 13:45:52,1
learning event join june chenle th go,2021-06-13 13:45:52,1
learning event data june ha join top,2021-06-13 13:45:52,1
event machinelearning bigdata birthday hashtag taeil udemycoupons,2021-06-13 13:45:52,1
event data de using series covid summit,2021-06-13 13:45:52,1
event lg ha feel de good en,2021-06-13 13:45:53,1
event machinelearning bigdata birthday hashtag taeil udemycoupons,2021-06-13 13:45:53,1
pm jun data coinmarketcap th ribbon event,2021-06-13 13:45:53,1
event day love trump learning intelligence join,2021-06-13 13:45:53,1
event day time data place tomorrow lindell,2021-06-13 13:45:53,1
bambam event video call st sign day,2021-06-13 13:45:53,1
one data event ready netflixindia people di,2021-06-13 13:45:53,1
one data event ready netflixindia people di,2021-06-13 13:45:53,1
event intelligence data year see yall game,2021-06-13 13:45:54,1
bambam event video call st sign day,2021-06-13 13:45:54,1
event data aku babyjisungth buat masing ga,2021-06-13 13:45:54,1
pm jun data coinmarketcap th ribbon event,2021-06-13 13:45:54,1
bambam event video call st sign day,2021-06-13 13:45:54,1
learning event data june ha join top,2021-06-13 13:45:54,1
pm jun data coinmarketcap th ribbon event,2021-06-13 13:45:54,1
event day love trump learning intelligence join,2021-06-13 13:45:54,1
event day time data place tomorrow lindell,2021-06-13 13:45:54,1
bambam event video call st sign day,2021-06-13 13:45:54,1
pm jun data coinmarketcap th ribbon event,2021-06-13 13:45:54,1
event day love trump learning intelligence join,2021-06-13 13:45:54,1
event day time data place tomorrow lindell,2021-06-13 13:45:54,1
bambam event video call st sign day,2021-06-13 13:45:54,1
learning event python mjjjby machine want say,2021-06-13 13:45:54,1
event intelligence data year see yall game,2021-06-13 13:45:54,1
event data aku babyjisungth buat masing ga,2021-06-13 13:45:55,1
pm jun data coinmarketcap th ribbon event,2021-06-13 13:45:55,1
event day love trump learning intelligence join,2021-06-13 13:45:55,1
event day time data place tomorrow lindell,2021-06-13 13:45:55,1
bambam event video call st sign day,2021-06-13 13:45:55,1
learning event join june chenle th go,2021-06-13 13:45:55,1
pm jun data coinmarketcap th ribbon event,2021-06-13 13:45:55,1
bambam event video call st sign day,2021-06-13 13:45:55,1
learning event data june ha join top,2021-06-13 13:45:55,1
pm jun data coinmarketcap th ribbon event,2021-06-13 13:45:55,1
event day love trump learning intelligence join,2021-06-13 13:45:55,1
event day time data place tomorrow lindell,2021-06-13 13:45:55,1
bambam event video call st sign day,2021-06-13 13:45:55,1
event data aku babyjisungth buat masing ga,2021-06-13 13:45:55,1
event data de using series covid summit,2021-06-13 13:45:55,1
bambam event video call st sign day,2021-06-13 13:45:55,1
event next one world new na th,2021-06-13 13:45:55,1
bambam event video call st sign day,2021-06-13 13:45:55,1
learning event join june chenle th go,2021-06-13 13:45:55,1
event day love trump learning intelligence join,2021-06-13 13:45:55,1
event day time data place tomorrow lindell,2021-06-13 13:45:55,1
bambam event video call st sign day,2021-06-13 13:45:55,1
data de pm special high online kst,2021-06-13 13:45:56,1
event data de using series covid summit,2021-06-13 13:45:56,1
data de pm special high online kst,2021-06-13 13:45:56,1
pm jun data coinmarketcap th ribbon event,2021-06-13 13:45:56,1
event day love trump learning intelligence join,2021-06-13 13:45:56,1
learning event join june chenle th go,2021-06-13 13:45:56,1
learning event data june ha join top,2021-06-13 13:45:56,1
good school learning data event way amazon,2021-06-13 13:45:57,1
learning event python mjjjby machine want say,2021-06-13 13:45:57,1
learning event data june ha join top,2021-06-13 13:45:57,1
bambam event video call st sign day,2021-06-13 13:45:57,1
event next one world new na th,2021-06-13 13:45:57,1
good school learning data event way amazon,2021-06-13 13:45:57,1
said event something someone trump needed accused,2021-06-13 13:45:57,1
learning event data june ha join top,2021-06-13 13:45:57,1
pm jun data coinmarketcap th ribbon event,2021-06-13 13:45:57,1
event day love trump learning intelligence join,2021-06-13 13:45:57,1
event day time data place tomorrow lindell,2021-06-13 13:45:57,1
bambam event video call st sign day,2021-06-13 13:45:57,1
one data event ready netflixindia people di,2021-06-13 13:45:58,1
event machinelearning bigdata birthday hashtag taeil udemycoupons,2021-06-13 13:45:58,1
bambam event video call st sign day,2021-06-13 13:45:58,1
said event something someone trump needed accused,2021-06-13 13:45:59,1
event data aku babyjisungth buat masing ga,2021-06-13 13:45:59,1
one data event ready netflixindia people di,2021-06-13 13:46:00,1
pm jun data coinmarketcap th ribbon event,2021-06-13 13:46:00,1
event data de using series covid summit,2021-06-13 13:46:00,1
bambam event video call st sign day,2021-06-13 13:46:00,1
event cr zhangjiayuanfc jiayuan intojiayuan oasis zhengzhou,2021-06-13 13:46:00,1
event data aku babyjisungth buat masing ga,2021-06-13 13:46:00,1
event day time data place tomorrow lindell,2021-06-13 13:46:00,1
event data de using series covid summit,2021-06-13 13:46:00,1
data de pm special high online kst,2021-06-13 13:46:00,1
pm jun data coinmarketcap th ribbon event,2021-06-13 13:46:00,1
event day love trump learning intelligence join,2021-06-13 13:46:00,1
event day time data place tomorrow lindell,2021-06-13 13:46:00,1
bambam event video call st sign day,2021-06-13 13:46:00,1
said event something someone trump needed accused,2021-06-13 13:46:00,1
event data de using series covid summit,2021-06-13 13:46:00,1
event day love trump learning intelligence join,2021-06-13 13:46:01,1
learning event join june chenle th go,2021-06-13 13:46:01,1
learning event data june ha join top,2021-06-13 13:46:01,1
event data de using series covid summit,2021-06-13 13:46:01,1
data de pm special high online kst,2021-06-13 13:46:01,1
event next one world new na th,2021-06-13 13:46:01,1
event txtplcs fansigning offline pay paper case,2021-06-13 13:46:01,1
good school learning data event way amazon,2021-06-13 13:46:01,1
learning event python mjjjby machine want say,2021-06-13 13:46:01,1
learning event data june ha join top,2021-06-13 13:46:01,1
pm jun data coinmarketcap th ribbon event,2021-06-13 13:46:01,1
event cr zhangjiayuanfc jiayuan intojiayuan oasis zhengzhou,2021-06-13 13:46:01,1
said event something someone trump needed accused,2021-06-13 13:46:02,1
event day love trump learning intelligence join,2021-06-13 13:46:02,1
event day time data place tomorrow lindell,2021-06-13 13:46:02,1
pm jun data coinmarketcap th ribbon event,2021-06-13 13:46:02,1
good school learning data event way amazon,2021-06-13 13:46:02,1
data de pm special high online kst,2021-06-13 13:46:02,1
event data aku babyjisungth buat masing ga,2021-06-13 13:46:02,1
bambam event video call st sign day,2021-06-13 13:46:02,1
learning event join june chenle th go,2021-06-13 13:46:02,1
event day time data place tomorrow lindell,2021-06-13 13:46:03,1
event data de using series covid summit,2021-06-13 13:46:03,1
event data de using series covid summit,2021-06-13 13:46:03,1
event day time data place tomorrow lindell,2021-06-13 13:46:03,1
event day time data place tomorrow lindell,2021-06-13 13:46:03,1
learning event data june ha join top,2021-06-13 13:46:03,1
one data event ready netflixindia people di,2021-06-13 13:46:03,1
event machinelearning bigdata birthday hashtag taeil udemycoupons,2021-06-13 13:46:04,1
learning event data june ha join top,2021-06-13 13:46:04,1
event lg ha feel de good en,2021-06-13 13:46:04,1
good school learning data event way amazon,2021-06-13 13:46:04,1
firework next seems door match related baseball,2021-06-13 13:46:04,1
event txtplcs fansigning offline pay paper case,2021-06-13 13:46:05,1
event next one world new na th,2021-06-13 13:44:53,2
event machinelearning bigdata birthday hashtag taeil udemycoupons,2021-06-13 13:44:53,2
firework next seems door match related baseball,2021-06-13 13:44:54,2
bambam event video call st sign day,2021-06-13 13:44:56,2
said event something someone trump needed accused,2021-06-13 13:44:56,2
firework next seems door match related baseball,2021-06-13 13:44:56,2
pm jun data coinmarketcap th ribbon event,2021-06-13 13:44:57,2
learning event data june ha join top,2021-06-13 13:44:57,2
firework next seems door match related baseball,2021-06-13 13:44:59,2
bambam event video call st sign day,2021-06-13 13:44:59,2
bambam event video call st sign day,2021-06-13 13:44:59,2
event data aku babyjisungth buat masing ga,2021-06-13 13:45:00,2
one data event ready netflixindia people di,2021-06-13 13:45:00,2
event next one world new na th,2021-06-13 13:45:00,2
event machinelearning bigdata birthday hashtag taeil udemycoupons,2021-06-13 13:45:00,2
bambam event video call st sign day,2021-06-13 13:45:00,2
pm jun data coinmarketcap th ribbon event,2021-06-13 13:45:01,2
bambam event video call st sign day,2021-06-13 13:45:01,2
learning event join june chenle th go,2021-06-13 13:45:01,2
firework next seems door match related baseball,2021-06-13 13:45:01,2
event cr zhangjiayuanfc jiayuan intojiayuan oasis zhengzhou,2021-06-13 13:45:01,2
firework next seems door match related baseball,2021-06-13 13:45:02,2
bambam event video call st sign day,2021-06-13 13:45:02,2
firework next seems door match related baseball,2021-06-13 13:45:02,2
data de pm special high online kst,2021-06-13 13:45:02,2
bambam event video call st sign day,2021-06-13 13:45:02,2
data de pm special high online kst,2021-06-13 13:45:02,2
pm jun data coinmarketcap th ribbon event,2021-06-13 13:45:02,2
learning event join june chenle th go,2021-06-13 13:45:02,2
learning event data june ha join top,2021-06-13 13:45:02,2
data de pm special high online kst,2021-06-13 13:45:04,2
bambam event video call st sign day,2021-06-13 13:45:04,2
bambam event video call st sign day,2021-06-13 13:45:04,2
learning event join june chenle th go,2021-06-13 13:45:05,2
pm jun data coinmarketcap th ribbon event,2021-06-13 13:45:05,2
bambam event video call st sign day,2021-06-13 13:45:05,2
bambam event video call st sign day,2021-06-13 13:45:06,2
event next one world new na th,2021-06-13 13:45:06,2
one data event ready netflixindia people di,2021-06-13 13:45:06,2
bambam event video call st sign day,2021-06-13 13:45:07,2
firework next seems door match related baseball,2021-06-13 13:45:08,2
bambam event video call st sign day,2021-06-13 13:45:08,2
firework next seems door match related baseball,2021-06-13 13:45:08,2
said event something someone trump needed accused,2021-06-13 13:45:09,2
bambam event video call st sign day,2021-06-13 13:45:09,2
event next one world new na th,2021-06-13 13:45:09,2
data de pm special high online kst,2021-06-13 13:45:09,2
firework next seems door match related baseball,2021-06-13 13:45:09,2
firework next seems door match related baseball,2021-06-13 13:45:10,2
event machinelearning bigdata birthday hashtag taeil udemycoupons,2021-06-13 13:45:10,2
learning event join june chenle th go,2021-06-13 13:45:10,2
learning event data june ha join top,2021-06-13 13:45:10,2
event machinelearning bigdata birthday hashtag taeil udemycoupons,2021-06-13 13:45:10,2
bambam event video call st sign day,2021-06-13 13:45:11,2
event machinelearning bigdata birthday hashtag taeil udemycoupons,2021-06-13 13:45:11,2
firework next seems door match related baseball,2021-06-13 13:45:11,2
learning event join june chenle th go,2021-06-13 13:45:11,2
bambam event video call st sign day,2021-06-13 13:45:12,2
event data aku babyjisungth buat masing ga,2021-06-13 13:45:12,2
event txtplcs fansigning offline pay paper case,2021-06-13 13:45:12,2
bambam event video call st sign day,2021-06-13 13:45:13,2
firework next seems door match related baseball,2021-06-13 13:45:13,2
bambam event video call st sign day,2021-06-13 13:45:14,2
said event something someone trump needed accused,2021-06-13 13:45:14,2
bambam event video call st sign day,2021-06-13 13:45:14,2
firework next seems door match related baseball,2021-06-13 13:45:15,2
event cr zhangjiayuanfc jiayuan intojiayuan oasis zhengzhou,2021-06-13 13:45:15,2
bambam event video call st sign day,2021-06-13 13:45:15,2
event txtplcs fansigning offline pay paper case,2021-06-13 13:45:15,2
firework next seems door match related baseball,2021-06-13 13:45:16,2
bambam event video call st sign day,2021-06-13 13:45:16,2
firework next seems door match related baseball,2021-06-13 13:45:16,2
event machinelearning bigdata birthday hashtag taeil udemycoupons,2021-06-13 13:45:16,2
event machinelearning bigdata birthday hashtag taeil udemycoupons,2021-06-13 13:45:16,2
event machinelearning bigdata birthday hashtag taeil udemycoupons,2021-06-13 13:45:17,2
firework next seems door match related baseball,2021-06-13 13:45:17,2
pm jun data coinmarketcap th ribbon event,2021-06-13 13:45:18,2
data de pm special high online kst,2021-06-13 13:45:18,2
pm jun data coinmarketcap th ribbon event,2021-06-13 13:45:19,2
firework next seems door match related baseball,2021-06-13 13:45:20,2
learning event python mjjjby machine want say,2021-06-13 13:45:20,2
bambam event video call st sign day,2021-06-13 13:45:20,2
learning event python mjjjby machine want say,2021-06-13 13:45:21,2
event txtplcs fansigning offline pay paper case,2021-06-13 13:45:21,2
event txtplcs fansigning offline pay paper case,2021-06-13 13:45:21,2
event cr zhangjiayuanfc jiayuan intojiayuan oasis zhengzhou,2021-06-13 13:45:21,2
data de pm special high online kst,2021-06-13 13:45:23,2
firework next seems door match related baseball,2021-06-13 13:45:24,2
said event something someone trump needed accused,2021-06-13 13:45:25,2
event txtplcs fansigning offline pay paper case,2021-06-13 13:45:25,2
learning event python mjjjby machine want say,2021-06-13 13:45:25,2
firework next seems door match related baseball,2021-06-13 13:45:26,2
said event something someone trump needed accused,2021-06-13 13:45:28,2
bambam event video call st sign day,2021-06-13 13:45:28,2
event txtplcs fansigning offline pay paper case,2021-06-13 13:45:28,2
firework next seems door match related baseball,2021-06-13 13:45:29,2
bambam event video call st sign day,2021-06-13 13:45:29,2
event machinelearning bigdata birthday hashtag taeil udemycoupons,2021-06-13 13:45:30,2
event day time data place tomorrow lindell,2021-06-13 13:45:30,2
bambam event video call st sign day,2021-06-13 13:45:30,2
said event something someone trump needed accused,2021-06-13 13:45:31,2
learning event join june chenle th go,2021-06-13 13:45:31,2
firework next seems door match related baseball,2021-06-13 13:45:32,2
bambam event video call st sign day,2021-06-13 13:45:32,2
bambam event video call st sign day,2021-06-13 13:45:33,2
firework next seems door match related baseball,2021-06-13 13:45:34,2
firework next seems door match related baseball,2021-06-13 13:45:34,2
event data aku babyjisungth buat masing ga,2021-06-13 13:45:34,2
firework next seems door match related baseball,2021-06-13 13:45:34,2
learning event join june chenle th go,2021-06-13 13:45:34,2
learning event data june ha join top,2021-06-13 13:45:34,2
firework next seems door match related baseball,2021-06-13 13:45:34,2
firework next seems door match related baseball,2021-06-13 13:45:35,2
said event something someone trump needed accused,2021-06-13 13:45:35,2
bambam event video call st sign day,2021-06-13 13:45:35,2
bambam event video call st sign day,2021-06-13 13:45:35,2
bambam event video call st sign day,2021-06-13 13:45:36,2
bambam event video call st sign day,2021-06-13 13:45:36,2
bambam event video call st sign day,2021-06-13 13:45:36,2
event cr zhangjiayuanfc jiayuan intojiayuan oasis zhengzhou,2021-06-13 13:45:37,2
firework next seems door match related baseball,2021-06-13 13:45:37,2
bambam event video call st sign day,2021-06-13 13:45:38,2
event txtplcs fansigning offline pay paper case,2021-06-13 13:45:38,2
event day time data place tomorrow lindell,2021-06-13 13:45:38,2
event day time data place tomorrow lindell,2021-06-13 13:45:39,2
event machinelearning bigdata birthday hashtag taeil udemycoupons,2021-06-13 13:45:39,2
firework next seems door match related baseball,2021-06-13 13:45:39,2
firework next seems door match related baseball,2021-06-13 13:45:40,2
bambam event video call st sign day,2021-06-13 13:45:40,2
event machinelearning bigdata birthday hashtag taeil udemycoupons,2021-06-13 13:45:40,2
event machinelearning bigdata birthday hashtag taeil udemycoupons,2021-06-13 13:45:41,2
pm jun data coinmarketcap th ribbon event,2021-06-13 13:45:41,2
event day love trump learning intelligence join,2021-06-13 13:45:41,2
bambam event video call st sign day,2021-06-13 13:45:41,2
firework next seems door match related baseball,2021-06-13 13:45:41,2
bambam event video call st sign day,2021-06-13 13:45:41,2
event cr zhangjiayuanfc jiayuan intojiayuan oasis zhengzhou,2021-06-13 13:45:41,2
bambam event video call st sign day,2021-06-13 13:45:42,2
event day love trump learning intelligence join,2021-06-13 13:45:42,2
bambam event video call st sign day,2021-06-13 13:45:42,2
bambam event video call st sign day,2021-06-13 13:45:42,2
bambam event video call st sign day,2021-06-13 13:45:42,2
firework next seems door match related baseball,2021-06-13 13:45:43,2
event cr zhangjiayuanfc jiayuan intojiayuan oasis zhengzhou,2021-06-13 13:45:43,2
bambam event video call st sign day,2021-06-13 13:45:43,2
said event something someone trump needed accused,2021-06-13 13:45:44,2
bambam event video call st sign day,2021-06-13 13:45:44,2
bambam event video call st sign day,2021-06-13 13:45:44,2
event cr zhangjiayuanfc jiayuan intojiayuan oasis zhengzhou,2021-06-13 13:45:44,2
firework next seems door match related baseball,2021-06-13 13:45:44,2
bambam event video call st sign day,2021-06-13 13:45:45,2
event machinelearning bigdata birthday hashtag taeil udemycoupons,2021-06-13 13:45:46,2
event machinelearning bigdata birthday hashtag taeil udemycoupons,2021-06-13 13:45:46,2
event txtplcs fansigning offline pay paper case,2021-06-13 13:45:46,2
event machinelearning bigdata birthday hashtag taeil udemycoupons,2021-06-13 13:45:46,2
one data event ready netflixindia people di,2021-06-13 13:45:47,2
event machinelearning bigdata birthday hashtag taeil udemycoupons,2021-06-13 13:45:47,2
event machinelearning bigdata birthday hashtag taeil udemycoupons,2021-06-13 13:45:47,2
said event something someone trump needed accused,2021-06-13 13:45:47,2
event day love trump learning intelligence join,2021-06-13 13:45:47,2
event machinelearning bigdata birthday hashtag taeil udemycoupons,2021-06-13 13:45:48,2
bambam event video call st sign day,2021-06-13 13:45:48,2
said event something someone trump needed accused,2021-06-13 13:45:48,2
event cr zhangjiayuanfc jiayuan intojiayuan oasis zhengzhou,2021-06-13 13:45:48,2
bambam event video call st sign day,2021-06-13 13:45:49,2
bambam event video call st sign day,2021-06-13 13:45:50,2
event machinelearning bigdata birthday hashtag taeil udemycoupons,2021-06-13 13:45:50,2
event day time data place tomorrow lindell,2021-06-13 13:45:50,2
learning event python mjjjby machine want say,2021-06-13 13:45:50,2
firework next seems door match related baseball,2021-06-13 13:45:51,2
bambam event video call st sign day,2021-06-13 13:45:51,2
event machinelearning bigdata birthday hashtag taeil udemycoupons,2021-06-13 13:45:51,2
pm jun data coinmarketcap th ribbon event,2021-06-13 13:45:52,2
learning event join june chenle th go,2021-06-13 13:45:52,2
event data aku babyjisungth buat masing ga,2021-06-13 13:45:52,2
event machinelearning bigdata birthday hashtag taeil udemycoupons,2021-06-13 13:45:52,2
bambam event video call st sign day,2021-06-13 13:45:53,2
bambam event video call st sign day,2021-06-13 13:45:54,2
bambam event video call st sign day,2021-06-13 13:45:54,2
bambam event video call st sign day,2021-06-13 13:45:54,2
bambam event video call st sign day,2021-06-13 13:45:54,2
bambam event video call st sign day,2021-06-13 13:45:55,2
bambam event video call st sign day,2021-06-13 13:45:55,2
bambam event video call st sign day,2021-06-13 13:45:55,2
bambam event video call st sign day,2021-06-13 13:45:55,2
data de pm special high online kst,2021-06-13 13:45:56,2
learning event join june chenle th go,2021-06-13 13:45:56,2
learning event data june ha join top,2021-06-13 13:45:56,2
learning event python mjjjby machine want say,2021-06-13 13:45:57,2
bambam event video call st sign day,2021-06-13 13:45:57,2
said event something someone trump needed accused,2021-06-13 13:45:57,2
bambam event video call st sign day,2021-06-13 13:45:57,2
event machinelearning bigdata birthday hashtag taeil udemycoupons,2021-06-13 13:45:58,2
bambam event video call st sign day,2021-06-13 13:45:58,2
said event something someone trump needed accused,2021-06-13 13:45:59,2
one data event ready netflixindia people di,2021-06-13 13:46:00,2
bambam event video call st sign day,2021-06-13 13:46:00,2
bambam event video call st sign day,2021-06-13 13:46:00,2
event data de using series covid summit,2021-06-13 13:46:00,2
event txtplcs fansigning offline pay paper case,2021-06-13 13:46:01,2
event cr zhangjiayuanfc jiayuan intojiayuan oasis zhengzhou,2021-06-13 13:46:01,2
bambam event video call st sign day,2021-06-13 13:46:02,2
event data de using series covid summit,2021-06-13 13:46:03,2
firework next seems door match related baseball,2021-06-13 13:46:04,2
event txtplcs fansigning offline pay paper case,2021-06-13 13:46:05,2
event next one world new na th,2021-06-13 13:44:53,3
event machinelearning bigdata birthday hashtag taeil udemycoupons,2021-06-13 13:44:53,3
firework next seems door match related baseball,2021-06-13 13:44:54,3
bambam event video call st sign day,2021-06-13 13:44:56,3
said event something someone trump needed accused,2021-06-13 13:44:56,3
firework next seems door match related baseball,2021-06-13 13:44:56,3
pm jun data coinmarketcap th ribbon event,2021-06-13 13:44:57,3
firework next seems door match related baseball,2021-06-13 13:44:59,3
bambam event video call st sign day,2021-06-13 13:44:59,3
bambam event video call st sign day,2021-06-13 13:44:59,3
event data aku babyjisungth buat masing ga,2021-06-13 13:45:00,3
one data event ready netflixindia people di,2021-06-13 13:45:00,3
pm jun data coinmarketcap th ribbon event,2021-06-13 13:45:01,3
bambam event video call st sign day,2021-06-13 13:45:01,3
firework next seems door match related baseball,2021-06-13 13:45:01,3
event cr zhangjiayuanfc jiayuan intojiayuan oasis zhengzhou,2021-06-13 13:45:01,3
firework next seems door match related baseball,2021-06-13 13:45:02,3
bambam event video call st sign day,2021-06-13 13:45:02,3
firework next seems door match related baseball,2021-06-13 13:45:02,3
data de pm special high online kst,2021-06-13 13:45:02,3
data de pm special high online kst,2021-06-13 13:45:02,3
data de pm special high online kst,2021-06-13 13:45:04,3
bambam event video call st sign day,2021-06-13 13:45:04,3
bambam event video call st sign day,2021-06-13 13:45:04,3
pm jun data coinmarketcap th ribbon event,2021-06-13 13:45:05,3
bambam event video call st sign day,2021-06-13 13:45:06,3
event next one world new na th,2021-06-13 13:45:06,3
one data event ready netflixindia people di,2021-06-13 13:45:06,3
bambam event video call st sign day,2021-06-13 13:45:07,3
firework next seems door match related baseball,2021-06-13 13:45:08,3
bambam event video call st sign day,2021-06-13 13:45:08,3
firework next seems door match related baseball,2021-06-13 13:45:08,3
said event something someone trump needed accused,2021-06-13 13:45:09,3
bambam event video call st sign day,2021-06-13 13:45:09,3
event next one world new na th,2021-06-13 13:45:09,3
data de pm special high online kst,2021-06-13 13:45:09,3
firework next seems door match related baseball,2021-06-13 13:45:09,3
firework next seems door match related baseball,2021-06-13 13:45:10,3
event machinelearning bigdata birthday hashtag taeil udemycoupons,2021-06-13 13:45:10,3
learning event join june chenle th go,2021-06-13 13:45:10,3
event machinelearning bigdata birthday hashtag taeil udemycoupons,2021-06-13 13:45:10,3
bambam event video call st sign day,2021-06-13 13:45:11,3
event machinelearning bigdata birthday hashtag taeil udemycoupons,2021-06-13 13:45:11,3
firework next seems door match related baseball,2021-06-13 13:45:11,3
learning event join june chenle th go,2021-06-13 13:45:11,3
bambam event video call st sign day,2021-06-13 13:45:12,3
event data aku babyjisungth buat masing ga,2021-06-13 13:45:12,3
event txtplcs fansigning offline pay paper case,2021-06-13 13:45:12,3
bambam event video call st sign day,2021-06-13 13:45:13,3
firework next seems door match related baseball,2021-06-13 13:45:13,3
bambam event video call st sign day,2021-06-13 13:45:14,3
said event something someone trump needed accused,2021-06-13 13:45:14,3
bambam event video call st sign day,2021-06-13 13:45:14,3
firework next seems door match related baseball,2021-06-13 13:45:15,3
event cr zhangjiayuanfc jiayuan intojiayuan oasis zhengzhou,2021-06-13 13:45:15,3
bambam event video call st sign day,2021-06-13 13:45:15,3
event txtplcs fansigning offline pay paper case,2021-06-13 13:45:15,3
firework next seems door match related baseball,2021-06-13 13:45:16,3
bambam event video call st sign day,2021-06-13 13:45:16,3
firework next seems door match related baseball,2021-06-13 13:45:16,3
firework next seems door match related baseball,2021-06-13 13:45:17,3
pm jun data coinmarketcap th ribbon event,2021-06-13 13:45:18,3
data de pm special high online kst,2021-06-13 13:45:18,3
pm jun data coinmarketcap th ribbon event,2021-06-13 13:45:19,3
firework next seems door match related baseball,2021-06-13 13:45:20,3
bambam event video call st sign day,2021-06-13 13:45:20,3
event txtplcs fansigning offline pay paper case,2021-06-13 13:45:21,3
event cr zhangjiayuanfc jiayuan intojiayuan oasis zhengzhou,2021-06-13 13:45:21,3
data de pm special high online kst,2021-06-13 13:45:23,3
firework next seems door match related baseball,2021-06-13 13:45:24,3
said event something someone trump needed accused,2021-06-13 13:45:25,3
event txtplcs fansigning offline pay paper case,2021-06-13 13:45:25,3
firework next seems door match related baseball,2021-06-13 13:45:26,3
said event something someone trump needed accused,2021-06-13 13:45:28,3
event txtplcs fansigning offline pay paper case,2021-06-13 13:45:28,3
firework next seems door match related baseball,2021-06-13 13:45:29,3
event machinelearning bigdata birthday hashtag taeil udemycoupons,2021-06-13 13:45:30,3
bambam event video call st sign day,2021-06-13 13:45:30,3
said event something someone trump needed accused,2021-06-13 13:45:31,3
firework next seems door match related baseball,2021-06-13 13:45:32,3
bambam event video call st sign day,2021-06-13 13:45:33,3
firework next seems door match related baseball,2021-06-13 13:45:34,3
firework next seems door match related baseball,2021-06-13 13:45:34,3
firework next seems door match related baseball,2021-06-13 13:45:34,3
firework next seems door match related baseball,2021-06-13 13:45:34,3
firework next seems door match related baseball,2021-06-13 13:45:35,3
said event something someone trump needed accused,2021-06-13 13:45:35,3
bambam event video call st sign day,2021-06-13 13:45:35,3
bambam event video call st sign day,2021-06-13 13:45:36,3
bambam event video call st sign day,2021-06-13 13:45:36,3
bambam event video call st sign day,2021-06-13 13:45:36,3
event cr zhangjiayuanfc jiayuan intojiayuan oasis zhengzhou,2021-06-13 13:45:37,3
firework next seems door match related baseball,2021-06-13 13:45:37,3
bambam event video call st sign day,2021-06-13 13:45:38,3
event txtplcs fansigning offline pay paper case,2021-06-13 13:45:38,3
event machinelearning bigdata birthday hashtag taeil udemycoupons,2021-06-13 13:45:39,3
firework next seems door match related baseball,2021-06-13 13:45:39,3
firework next seems door match related baseball,2021-06-13 13:45:40,3
event machinelearning bigdata birthday hashtag taeil udemycoupons,2021-06-13 13:45:41,3
firework next seems door match related baseball,2021-06-13 13:45:41,3
event cr zhangjiayuanfc jiayuan intojiayuan oasis zhengzhou,2021-06-13 13:45:41,3
bambam event video call st sign day,2021-06-13 13:45:42,3
bambam event video call st sign day,2021-06-13 13:45:42,3
bambam event video call st sign day,2021-06-13 13:45:42,3
bambam event video call st sign day,2021-06-13 13:45:42,3
firework next seems door match related baseball,2021-06-13 13:45:43,3
event cr zhangjiayuanfc jiayuan intojiayuan oasis zhengzhou,2021-06-13 13:45:43,3
bambam event video call st sign day,2021-06-13 13:45:43,3
said event something someone trump needed accused,2021-06-13 13:45:44,3
bambam event video call st sign day,2021-06-13 13:45:44,3
bambam event video call st sign day,2021-06-13 13:45:44,3
event cr zhangjiayuanfc jiayuan intojiayuan oasis zhengzhou,2021-06-13 13:45:44,3
firework next seems door match related baseball,2021-06-13 13:45:44,3
bambam event video call st sign day,2021-06-13 13:45:45,3
event machinelearning bigdata birthday hashtag taeil udemycoupons,2021-06-13 13:45:46,3
event txtplcs fansigning offline pay paper case,2021-06-13 13:45:46,3
one data event ready netflixindia people di,2021-06-13 13:45:47,3
said event something someone trump needed accused,2021-06-13 13:45:47,3
said event something someone trump needed accused,2021-06-13 13:45:48,3
event cr zhangjiayuanfc jiayuan intojiayuan oasis zhengzhou,2021-06-13 13:45:48,3
bambam event video call st sign day,2021-06-13 13:45:49,3
firework next seems door match related baseball,2021-06-13 13:45:51,3
bambam event video call st sign day,2021-06-13 13:45:51,3
event machinelearning bigdata birthday hashtag taeil udemycoupons,2021-06-13 13:45:51,3
event data aku babyjisungth buat masing ga,2021-06-13 13:45:52,3
event machinelearning bigdata birthday hashtag taeil udemycoupons,2021-06-13 13:45:52,3
bambam event video call st sign day,2021-06-13 13:45:53,3
bambam event video call st sign day,2021-06-13 13:45:54,3
bambam event video call st sign day,2021-06-13 13:45:54,3
bambam event video call st sign day,2021-06-13 13:45:54,3
bambam event video call st sign day,2021-06-13 13:45:55,3
bambam event video call st sign day,2021-06-13 13:45:55,3
bambam event video call st sign day,2021-06-13 13:45:55,3
data de pm special high online kst,2021-06-13 13:45:56,3
said event something someone trump needed accused,2021-06-13 13:45:57,3
bambam event video call st sign day,2021-06-13 13:45:57,3
event machinelearning bigdata birthday hashtag taeil udemycoupons,2021-06-13 13:45:58,3
said event something someone trump needed accused,2021-06-13 13:45:59,3
one data event ready netflixindia people di,2021-06-13 13:46:00,3
bambam event video call st sign day,2021-06-13 13:46:00,3
event cr zhangjiayuanfc jiayuan intojiayuan oasis zhengzhou,2021-06-13 13:46:01,3
firework next seems door match related baseball,2021-06-13 13:46:04,3
